{"cameraMode":{"drawMode":0,"name":"Shaded","section":"Shading Mode"},"sceneLighting":false,"audioPlay":false,"sceneViewState":{"m_AlwaysRefresh":false,"showFog":true,"showSkybox":true,"showFlares":true,"showImageEffects":true,"showParticleSystems":true,"showVisualEffectGraphs":true,"m_FxEnabled":true},"in2DMode":false,"pivot":{"x":162.33921813964845,"y":-41.284698486328128,"z":-185.01150512695313},"rotation":{"x":-0.12682633101940156,"y":-0.7290663123130798,"z":0.14062198996543885,"w":-0.6579070687294006},"size":63.356624603271487,"orthographic":false}